{"cameraMode":{"drawMode":0,"name":"Shaded","section":"Shading Mode"},"sceneLighting":true,"audioPlay":false,"sceneViewState":{"showFog":true,"showMaterialUpdate":false,"showSkybox":true,"showFlares":true,"showImageEffects":true,"showParticleSystems":true},"in2DMode":false,"pivot":{"x":9.200260162353516,"y":1.7547823190689088,"z":11.0756196975708},"rotation":{"x":0.16509348154067994,"y":0.6536107063293457,"z":-0.15015986561775208,"w":0.7235328555107117},"size":19.70194435119629,"orthographic":false}