{"cameraMode":{"drawMode":0,"name":"Shaded","section":"Shading Mode"},"sceneLighting":true,"audioPlay":false,"sceneViewState":{"showFog":true,"showMaterialUpdate":false,"showSkybox":true,"showFlares":true,"showImageEffects":true,"showParticleSystems":true},"in2DMode":false,"pivot":{"x":-3.213303565979004,"y":6.688498020172119,"z":-0.5753607153892517},"rotation":{"x":0.10348253697156906,"y":0.6746730208396912,"z":-0.09732099622488022,"w":0.7246435880661011},"size":13.169506072998047,"orthographic":false}