{"cameraMode":{"drawMode":0,"name":"Shaded","section":"Shading Mode"},"sceneLighting":false,"audioPlay":false,"sceneViewState":{"showFog":true,"showMaterialUpdate":false,"showSkybox":false,"showFlares":true,"showImageEffects":true,"showParticleSystems":true},"in2DMode":false,"pivot":{"x":0.7049615383148193,"y":2.999976634979248,"z":0.7049514055252075},"rotation":{"x":-0.18886512517929078,"y":-0.7676072120666504,"z":0.26162129640579226,"w":-0.5540232062339783},"size":54.368141174316409,"orthographic":false}