{"cameraMode":{"drawMode":0,"name":"Shaded","section":"Shading Mode"},"sceneLighting":true,"audioPlay":false,"sceneViewState":{"showFog":true,"showMaterialUpdate":false,"showSkybox":true,"showFlares":true,"showImageEffects":true,"showParticleSystems":true},"in2DMode":false,"pivot":{"x":1.52532958984375,"y":6.004443168640137,"z":4.318921089172363},"rotation":{"x":-0.01695297658443451,"y":-0.49987730383872988,"z":-0.009636975824832917,"w":0.8660086393356323},"size":22.170072555541993,"orthographic":false}